title,text,label
"Shocking miracle cure discovered by local man","Doctors are stunned as a local man claims a shocking miracle cure made from household items can cure every disease overnight. Share this secret before it is deleted. Click now for free money and urgent viral details.",FAKE
"Aliens landed in the city last night, government hides truth","Breaking exclusive: aliens and UFOs landed downtown last night. Witnesses report secret spaceships and a massive conspiracy cover-up. The government exposed is hiding the shocking truth. Viral hoax details inside.",FAKE
"You won free money, click this urgent link now","Congratulations, you won free money in a viral lottery. This urgent shocking message requires you to click the secret link now to claim your prize. Free money exposed, act fast before the offer is deleted.",FAKE
"Secret conspiracy exposed by viral video","A viral video has exposed a shocking secret conspiracy involving hidden microchips and mind control. Share this urgent breaking news before it gets deleted. Miracle uncovered details that officials do not want you to see.",FAKE
"Miracle weight loss pill burns fat overnight","This miracle pill burns fat overnight with no diet or exercise. Doctors hate this shocking secret trick. Click now for a free bottle and viral testimonials. Urgent limited offer exposed for fast results.",FAKE
"Celebrity death hoax spreads shocking viral rumor","A shocking viral rumor claims a famous celebrity has died in a secret accident. The hoax spread through fake breaking news posts urging fans to click and share. No official source confirms this misleading story.",FAKE
"5G towers spread virus, shocking secret study claims","A viral post claims 5G towers spread the virus through shocking secret radiation. This conspiracy hoax has been shared thousands of times. Experts warn it is misleading fake news with no scientific proof. Do not click or share.",FAKE
"Earth will go dark for six days, viral claim warns","A shocking viral claim warns the Earth will go dark for six days due to a secret solar storm. Space agencies confirm this is a recurring hoax with no truth. The urgent breaking message is fake news designed to get clicks.",FAKE
"Drink bleach to cure infection, dangerous fake tip","A dangerous fake post urges people to drink bleach as a miracle cure for infection. Doctors warn this shocking advice can kill you. The viral hoax disguised as a secret remedy is completely false and unsafe.",FAKE
"New tax will take half your salary, fake forward claims","A fake forwarded message claims the government will take half your salary in a shocking new tax from next month. Officials confirm no such announcement exists. This viral hoax is misleading fake news meant to create panic.",FAKE
"Government announces new education policy report","According to an official government report published today, a new education policy will be introduced after a detailed survey of schools. The study analyzed data from universities and the findings were presented with published research.",REAL
"University research study on climate data published","A university research team published a peer-reviewed study analyzing climate data collected over ten years. According to the official report, the survey findings were based on measured data and published methodology.",REAL
"Central bank releases official economic survey","The central bank released an official economic survey based on collected data. According to the published report, researchers analyzed employment figures and the study findings were shared with government officials.",REAL
"Health ministry shares official vaccination data","The health ministry shared official data on the vaccination program. According to the published report, the study tracked survey results from hospitals and university researchers confirmed the findings.",REAL
"Scientists publish research on water quality study","Scientists at a national university published research on water quality. The official study analyzed survey data from rivers and the report was published after peer review according to government standards.",REAL
"Election commission releases official voter turnout report","The election commission released an official report on voter turnout. According to the published data, the survey covered polling stations and researchers verified the study with official records.",REAL
"New metro line approved after official traffic study","The city approved a new metro line after an official traffic study. According to the published report, researchers analyzed survey data and university experts reviewed the findings before the announcement.",REAL
"Agriculture department publishes crop survey findings","The agriculture department published official crop survey findings. According to the report, the study used field data collected by researchers and the results were published for farmers and officials.",REAL
"Space agency shares satellite data in published report","The national space agency shared satellite data in a published report. According to officials, the research study analyzed observations over several years and university scientists verified the data.",REAL
"Education board releases official exam results data","The education board released official exam results data. According to the published report, the survey of schools was analyzed by researchers and the study findings were shared publicly.",REAL
"Shocking UFO video proves aliens walk among us","A shocking viral UFO video claims to prove aliens walk among us in a secret government lab. The exposed conspiracy footage urges viewers to click and share. Experts say the breaking clip is a misleading hoax with no proof.",FAKE
"Free smartphone giveaway for first thousand clicks","A viral post promises a free smartphone to the first thousand people who click a shocking link. The urgent message claims a secret company giveaway with free money prizes. This exposed offer is a fake scam.",FAKE
"Cure baldness overnight with this secret oil","A viral ad claims a secret oil can cure baldness overnight with miracle results. The shocking before-and-after photos urge you to click now for a free bottle. Dermatologists warn this is misleading fake news.",FAKE
"World leaders are lizards, secret documents reveal","A bizarre viral conspiracy claims world leaders are secretly lizards according to exposed documents. The shocking hoax video asks viewers to share the urgent truth. Fact-checkers confirm this is fake news.",FAKE
"Eating chocolate cures all diseases, viral post says","A viral post claims eating chocolate is a miracle cure for all diseases based on a shocking secret study. Doctors confirm no such research exists. The misleading message is fake news designed for clicks and shares.",FAKE
"Official census data released by statistics bureau","The statistics bureau released official census data in a published report. According to researchers, the survey covered households across regions and the study findings were verified with collected data.",REAL
"Hospital publishes patient care quality report","A leading hospital published an official report on patient care quality. According to the study, researchers analyzed survey data and university experts reviewed the published findings.",REAL
"Transport authority shares road safety survey results","The transport authority shared official road safety survey results. According to the published report, the study analyzed accident data and researchers recommended measures based on the findings.",REAL
"Forest department releases wildlife survey report","The forest department released an official wildlife survey report. According to published data, researchers tracked observations and the university study confirmed the findings.",REAL
"Finance ministry publishes annual budget analysis","The finance ministry published an official annual budget analysis. According to the report, researchers studied economic data and the survey findings were presented with published tables.",REAL
"Breaking: clone army of celebrities hidden underground","A shocking breaking post claims a secret underground lab hides a clone army of celebrities. The viral conspiracy video shows alleged exposed footage. Investigators confirm the story is a complete hoax.",FAKE
"NASA confirms talking plants, viral image claims","A viral image claims NASA confirmed talking plants in a shocking secret experiment. The misleading post urges users to share the miracle discovery. The space agency has published no such study or report.",FAKE
"Lottery winner secret method exposed, win every time","A viral ad exposes a secret method to win the lottery every time with shocking guaranteed results. The urgent post promises free money for a small fee. Officials warn this is a classic fake scam.",FAKE
"Time traveler from 2050 warns of shocking disaster","A viral video features a self-proclaimed time traveler from 2050 warning of a shocking disaster. The secret prediction story spread as breaking news. Experts confirm it is entertainment hoax content, not real news.",FAKE
"Ghost spotted in parliament, shocking photo goes viral","A shocking photo allegedly showing a ghost in parliament went viral with urgent claims of paranormal proof. The misleading image was later shown to be edited. Officials confirm the story is fake news.",FAKE
"Regional employment survey shows steady growth","A regional employment survey shows steady growth according to an official published report. Researchers analyzed labor data and university economists reviewed the study findings.",REAL
"Public library network expands digital archive","The public library network expanded its digital archive according to an official announcement. The published report cites survey data on readership and research usage.",REAL
"Weather department issues seasonal rainfall outlook","The weather department issued a seasonal rainfall outlook based on analyzed data. According to the official report, researchers studied satellite observations and published the findings.",REAL
"Nutrition study links balanced diet to better health","A university nutrition study links a balanced diet to better health outcomes. According to the published research, survey data from participants was analyzed and officials shared the report.",REAL
"City council approves waste management survey plan","The city council approved a waste management plan after an official survey. According to the published report, researchers studied collection data and the study was reviewed by experts.",REAL
